id,name,read,pattern,sequence,feature_type
C0006,ADT_CD86,R2,5PNNNNNNNNNN(BC),GTCTTTGTCAGTGCA,Antibody Capture
C0007,ADT_CD274,R2,5PNNNNNNNNNN(BC),GTTGTCCGACAATAC,Antibody Capture
C0020,ADT_TNFRSF14,R2,5PNNNNNNNNNN(BC),TGATAGAAACAGACC,Antibody Capture
C0023,ADT_PVR,R2,5PNNNNNNNNNN(BC),ATCACATCGTTGCCA,Antibody Capture
C0024,ADT_NECTIN2,R2,5PNNNNNNNNNN(BC),AACCTTCCGTCTAAG,Antibody Capture
C0026,ADT_CD47,R2,5PNNNNNNNNNN(BC),GCATTCTGTCACCTA,Antibody Capture
C0029,ADT_CD48,R2,5PNNNNNNNNNN(BC),CTACGACGTAGAAGA,Antibody Capture
C0031,ADT_CD40,R2,5PNNNNNNNNNN(BC),CTCAGATGGAGTATG,Antibody Capture
C0032,ADT_CD40LG,R2,5PNNNNNNNNNN(BC),GCTAGATAGATGCAA,Antibody Capture
C0033,ADT_CD52,R2,5PNNNNNNNNNN(BC),CTTTGTACGAGCAAA,Antibody Capture
C0034,ADT_CD3D,R2,5PNNNNNNNNNN(BC),CTCATTGTAACTCCT,Antibody Capture
C0046,ADT_CD8A,R2,5PNNNNNNNNNN(BC),GCGCAACTTGATGAT,Antibody Capture
C0047,ADT_NCAM1,R2,5PNNNNNNNNNN(BC),TCCTTTCCTGATAGG,Antibody Capture
C0050,ADT_CD19,R2,5PNNNNNNNNNN(BC),CTGGGCAATTACTCG,Antibody Capture
C0052,ADT_CD33,R2,5PNNNNNNNNNN(BC),TAACTCAGGGCCTAT,Antibody Capture
C0053,ADT_ITGAX,R2,5PNNNNNNNNNN(BC),TACGCCTATAACTTG,Antibody Capture
C0058,ADT_HLA-A,R2,5PNNNNNNNNNN(BC),TATGCGAGGCTTATC,Antibody Capture
C0063,ADT_PTPRC,R2,5PNNNNNNNNNN(BC),TCAATCCTTCCGCTT,Antibody Capture
C0064,ADT_IL3RA,R2,5PNNNNNNNNNN(BC),CTTCACTCTGTCAGG,Antibody Capture
C0066,ADT_CD7,R2,5PNNNNNNNNNN(BC),TGGATTCCCGGACTT,Antibody Capture
C0068,ADT_ENG,R2,5PNNNNNNNNNN(BC),ATCGTCGAGAGCTAG,Antibody Capture
C0070,ADT_ITGA6,R2,5PNNNNNNNNNN(BC),TTCCGAGGATGATCT,Antibody Capture
C0071,ADT_CCR4,R2,5PNNNNNNNNNN(BC),AGCTTACCTGCACGA,Antibody Capture
C0072,ADT_CD4,R2,5PNNNNNNNNNN(BC),TGTTCCCGCTCAACT,Antibody Capture
C0073,ADT_CD44,R2,5PNNNNNNNNNN(BC),TGGCTTCAGGTCCTA,Antibody Capture
C0081,ADT_CD14,R2,5PNNNNNNNNNN(BC),TCTCAGACCTCCGTA,Antibody Capture
C0083,ADT_FCGR3A,R2,5PNNNNNNNNNN(BC),AAGTTCACTCTTTGC,Antibody Capture
C0085,ADT_IL2RA,R2,5PNNNNNNNNNN(BC),TTTGTCCTGTACGCC,Antibody Capture
C0087,ADT_PTPRC,R2,5PNNNNNNNNNN(BC),CTCCGAATCATGTTG,Antibody Capture
C0088,ADT_PDCD1,R2,5PNNNNNNNNNN(BC),ACAGCGCCGTATTTA,Antibody Capture
C0089,ADT_TIGIT,R2,5PNNNNNNNNNN(BC),TTGCTTACCGCCAGA,Antibody Capture
C0090,ADT_mIgG1,R2,5PNNNNNNNNNN(BC),GCCGGACGACATTAA,Antibody Capture
C0091,ADT_mIgG2a,R2,5PNNNNNNNNNN(BC),CTCCTACCTAAACTG,Antibody Capture
C0092,ADT_mIgG2b,R2,5PNNNNNNNNNN(BC),ATATGTATCACGCGA,Antibody Capture
C0095,ADT_rIgG2b,R2,5PNNNNNNNNNN(BC),GATTCTTGACGACCT,Antibody Capture
C0100,ADT_MS4A1,R2,5PNNNNNNNNNN(BC),TTCTGGGTCCCTAGA,Antibody Capture
C0101,ADT_NCR1,R2,5PNNNNNNNNNN(BC),ACAATTTGAACAGCG,Antibody Capture
C0124,ADT_PECAM1,R2,5PNNNNNNNNNN(BC),ACCTTTATGCCACGG,Antibody Capture
C0134,ADT_MCAM,R2,5PNNNNNNNNNN(BC),CCTTGGATAACATCA,Antibody Capture
C0136,ADT_IGHM,R2,5PNNNNNNNNNN(BC),TAGCGAGCCCGTATA,Antibody Capture
C0138,ADT_CD5,R2,5PNNNNNNNNNN(BC),CATTAACGGGATGCC,Antibody Capture
C0140,ADT_CXCR3,R2,5PNNNNNNNNNN(BC),GCGATGGTAGATTAT,Antibody Capture
C0141,ADT_CCR5,R2,5PNNNNNNNNNN(BC),CCAAAGTAAGAGCCA,Antibody Capture
C0142,ADT_FCGR2A,R2,5PNNNNNNNNNN(BC),GCTTCCGAATTACCG,Antibody Capture
C0143,ADT_CCR6,R2,5PNNNNNNNNNN(BC),GATCCCTTTGTCACT,Antibody Capture
C0144,ADT_CXCR5,R2,5PNNNNNNNNNN(BC),AATTCAACCGTCGCC,Antibody Capture
C0145,ADT_ITGAE,R2,5PNNNNNNNNNN(BC),GACCTCATTGTGAAT,Antibody Capture
C0146,ADT_CD69,R2,5PNNNNNNNNNN(BC),GTCTCTTGGCTTAAA,Antibody Capture
C0147,ADT_SELL,R2,5PNNNNNNNNNN(BC),GTCCCTGCAACTTGA,Antibody Capture
C0149,ADT_KLRB1,R2,5PNNNNNNNNNN(BC),GTACGCAGTCCTTCT,Antibody Capture
C0151,ADT_CTLA4,R2,5PNNNNNNNNNN(BC),ATGGTTCACGTAATC,Antibody Capture
C0152,ADT_LAG3,R2,5PNNNNNNNNNN(BC),CATTTGTCTGCCGGT,Antibody Capture
C0153,ADT_KLRG1,R2,5PNNNNNNNNNN(BC),CTTATTTCCTGCCCT,Antibody Capture
C0154,ADT_CD27,R2,5PNNNNNNNNNN(BC),GCACTCCTGCATGTA,Antibody Capture
C0155,ADT_LAMP1,R2,5PNNNNNNNNNN(BC),CAGCCCACTGCAATA,Antibody Capture
C0156,ADT_FAS,R2,5PNNNNNNNNNN(BC),CCAGCTCATTAGAGC,Antibody Capture
C0158,ADT_TNFRSF4,R2,5PNNNNNNNNNN(BC),AACCCACCGTTGTTA,Antibody Capture
C0159,ADT_HLA-DRA,R2,5PNNNNNNNNNN(BC),AATAGCGAGCAAGTA,Antibody Capture
C0160,ADT_CD1C,R2,5PNNNNNNNNNN(BC),GAGCTACTTCACTCG,Antibody Capture
C0161,ADT_ITGAM,R2,5PNNNNNNNNNN(BC),GACAAGTGATCTGCA,Antibody Capture
C0162,ADT_FCGR1A,R2,5PNNNNNNNNNN(BC),AAGTATGCCCTACGA,Antibody Capture
C0163,ADT_THBD,R2,5PNNNNNNNNNN(BC),GGATAACCGCGCTTT,Antibody Capture
C0164,ADT_CD1D,R2,5PNNNNNNNNNN(BC),TCGAGTCGCTTATCA,Antibody Capture
C0165,ADT_KLRK1,R2,5PNNNNNNNNNN(BC),CGTGTTTGTTCCTCA,Antibody Capture
C0167,ADT_CR1,R2,5PNNNNNNNNNN(BC),ACTTCCGTCGATCTT,Antibody Capture
C0168,ADT_B3GAT1,R2,5PNNNNNNNNNN(BC),AACTCCCTATGGAGG,Antibody Capture
C0170,ADT_BTLA,R2,5PNNNNNNNNNN(BC),GTTATTGGACTAAGG,Antibody Capture
C0171,ADT_ICOS,R2,5PNNNNNNNNNN(BC),CGCGCACCCATTAAA,Antibody Capture
C0174,ADT_CD58,R2,5PNNNNNNNNNN(BC),GTTCCTATGGACGAC,Antibody Capture
C0176,ADT_ENTPD1,R2,5PNNNNNNNNNN(BC),TTACCTGGTATCCGT,Antibody Capture
C0179,ADT_CX3CR1,R2,5PNNNNNNNNNN(BC),AGTATCGTCTCTGGG,Antibody Capture
C0180,ADT_CD24,R2,5PNNNNNNNNNN(BC),AGATTCCTTCGTGTT,Antibody Capture
C0181,ADT_CR2,R2,5PNNNNNNNNNN(BC),AACCTAGTAGTTCGG,Antibody Capture
C0185,ADT_ITGAL,R2,5PNNNNNNNNNN(BC),TATATCCTTGTGAGC,Antibody Capture
C0187,ADT_CD79B,R2,5PNNNNNNNNNN(BC),ATTCTTCAACCGAAG,Antibody Capture
C0189,ADT_CD244,R2,5PNNNNNNNNNN(BC),TCGCTTGGATGGTAG,Antibody Capture
C0206,ADT_SIGLEC1,R2,5PNNNNNNNNNN(BC),TACTCAGCGTGTTTG,Antibody Capture
C0214,ADT_ITGB7,R2,5PNNNNNNNNNN(BC),TCCTTGGATGTACCG,Antibody Capture
C0215,ADT_TNFRSF13C,R2,5PNNNNNNNNNN(BC),CGAAGTCGATCCGTA,Antibody Capture
C0216,ADT_GP1BB,R2,5PNNNNNNNNNN(BC),TCCTAGTACCGAAGT,Antibody Capture
C0217,ADT_ICAM1,R2,5PNNNNNNNNNN(BC),CTGATAGACTTGAGT,Antibody Capture
C0218,ADT_SELP,R2,5PNNNNNNNNNN(BC),CCTTCCGTATCCCTT,Antibody Capture
C0219,ADT_IFNGR1,R2,5PNNNNNNNNNN(BC),TGTGTATTCCCTTGT,Antibody Capture
C0224,ADT_TCRab,R2,5PNNNNNNNNNN(BC),CGTAACGTAGAGCGA,Antibody Capture
C0236,ADT_rIgG1,R2,5PNNNNNNNNNN(BC),ATCAGATGCCCTCAT,Antibody Capture
C0238,ADT_rIgG2a,R2,5PNNNNNNNNNN(BC),AAGTCAGGTTCGTTT,Antibody Capture
C0241,ADT_hIgG,R2,5PNNNNNNNNNN(BC),CCTGTCATTAAGACT,Antibody Capture
C0246,ADT_IL2RB,R2,5PNNNNNNNNNN(BC),TCATTTCCTCCGATT,Antibody Capture
C0247,ADT_TNFRSF13B,R2,5PNNNNNNNNNN(BC),AGTGATGGAGCGAAC,Antibody Capture
C0352,ADT_FCER1A,R2,5PNNNNNNNNNN(BC),CTCGTTTCCGTATCG,Antibody Capture
C0353,ADT_ITGA2B,R2,5PNNNNNNNNNN(BC),ACGTTGTGGCCTTGT,Antibody Capture
C0355,ADT_TNFRSF9,R2,5PNNNNNNNNNN(BC),CAGTAAGTTCGGGAC,Antibody Capture
C0358,ADT_CD163,R2,5PNNNNNNNNNN(BC),GCTTCTCCTTCCTTA,Antibody Capture
C0359,ADT_CD83,R2,5PNNNNNNNNNN(BC),CCACTCATTTCCGGT,Antibody Capture
C0363,ADT_IL4R,R2,5PNNNNNNNNNN(BC),CCGTCCTGATAGATG,Antibody Capture
C0364,ADT_ANPEP,R2,5PNNNNNNNNNN(BC),TTTCAACGCCCTTTC,Antibody Capture
C0367,ADT_CD2,R2,5PNNNNNNNNNN(BC),TACGATTTGTCAGGG,Antibody Capture
C0368,ADT_CD226,R2,5PNNNNNNNNNN(BC),TCTCAGTGTTTGTGG,Antibody Capture
C0369,ADT_ITGB1,R2,5PNNNNNNNNNN(BC),GTATTCCCTCAGTCA,Antibody Capture
C0370,ADT_CLEC4C,R2,5PNNNNNNNNNN(BC),GAGATGTCCGAATTT,Antibody Capture
C0371,ADT_ITGA2,R2,5PNNNNNNNNNN(BC),GCTTTCTTCAGTATG,Antibody Capture
C0373,ADT_CD81,R2,5PNNNNNNNNNN(BC),GTATCCTTCCTTGGC,Antibody Capture
C0384,ADT_IGHD,R2,5PNNNNNNNNNN(BC),CAGTCTCCGTAGAGT,Antibody Capture
C0385,ADT_ITGB2,R2,5PNNNNNNNNNN(BC),TATTGGGACACTTCT,Antibody Capture
C0386,ADT_CD28,R2,5PNNNNNNNNNN(BC),TGAGAACGACCCTAA,Antibody Capture
C0389,ADT_CD38,R2,5PNNNNNNNNNN(BC),TGTACCCGCTTGTGA,Antibody Capture
C0390,ADT_IL7R,R2,5PNNNNNNNNNN(BC),GTGTGTTGTCCTATG,Antibody Capture
C0391,ADT_PTPRC,R2,5PNNNNNNNNNN(BC),TGCAATTACCCGGAT,Antibody Capture
C0393,ADT_CD22,R2,5PNNNNNNNNNN(BC),GGGTTGTTGTCTTTG,Antibody Capture
C0394,ADT_TFRC,R2,5PNNNNNNNNNN(BC),CCGTGTTCCTCATTA,Antibody Capture
C0396,ADT_DPP4,R2,5PNNNNNNNNNN(BC),GGTGGCTAGATAATG,Antibody Capture
C0407,ADT_CD36,R2,5PNNNNNNNNNN(BC),TTCTTTGCCTTGCCA,Antibody Capture
C0420,ADT_KIR2DL1,R2,5PNNNNNNNNNN(BC),TATCAACCAACGCTT,Antibody Capture
C0575,ADT_ITGA1,R2,5PNNNNNNNNNN(BC),ACTGATGGACTCAGA,Antibody Capture
C0576,ADT_ITGA4,R2,5PNNNNNNNNNN(BC),CCATTCAACTTCCGG,Antibody Capture
C0577,ADT_NT5E,R2,5PNNNNNNNNNN(BC),CAGTTCCTCAGTTCG,Antibody Capture
C0581,ADT_TCRva72,R2,5PNNNNNNNNNN(BC),TACGAGCAGTATTCA,Antibody Capture
C0582,ADT_TCRvd2,R2,5PNNNNNNNNNN(BC),TCAGTCAGATGGTAT,Antibody Capture
C0591,ADT_OLR1,R2,5PNNNNNNNNNN(BC),ACCCTTTACCGAATA,Antibody Capture
C0592,ADT_KIR2DL3,R2,5PNNNNNNNNNN(BC),GACCCGTAGTTTGAT,Antibody Capture
C0599,ADT_KIR3DL1,R2,5PNNNNNNNNNN(BC),GGACGCTTTCCTTGA,Antibody Capture
C0830,ADT_SLAMF7,R2,5PNNNNNNNNNN(BC),AGTATGCCATGTCTT,Antibody Capture
C0845,ADT_CD99,R2,5PNNNNNNNNNN(BC),ACCCGTCCCTAAGAA,Antibody Capture
C0853,ADT_CLEC12A,R2,5PNNNNNNNNNN(BC),CATTAGAGTCTGCCA,Antibody Capture
C0864,ADT_SLAMF6,R2,5PNNNNNNNNNN(BC),AGTTTCCACTCAGGC,Antibody Capture
C0867,ADT_KLRD1,R2,5PNNNNNNNNNN(BC),CTTTCCGGTCCTACA,Antibody Capture
C0894,IGKC,R2,5PNNNNNNNNNN(BC),AGCTCAGCCAGTATG,Antibody Capture
C0896,ADT_LILRB1,R2,5PNNNNNNNNNN(BC),CCTTGTGAGGCTATG,Antibody Capture
C0897,ADT_FCER2,R2,5PNNNNNNNNNN(BC),TCTGTATAACCGTCT,Antibody Capture
C0898,ADT_IgLight,R2,5PNNNNNNNNNN(BC),CAGCCAGTAAGTCAC,Antibody Capture
C0902,ADT_SIGLEC7,R2,5PNNNNNNNNNN(BC),CTTAGCATTTCACTG,Antibody Capture
C0912,ADT_ADGRG1,R2,5PNNNNNNNNNN(BC),GCCTAGTTTCCGTTT,Antibody Capture
C0918,ADT_HLA-E,R2,5PNNNNNNNNNN(BC),GAGTCGAGAAATCAT,Antibody Capture
C0920,ADT_CD82,R2,5PNNNNNNNNNN(BC),TCCCACTTCCGCTTT,Antibody Capture
C0944,ADT_CD101,R2,5PNNNNNNNNNN(BC),CTACTTCCCTGTCAA,Antibody Capture
C1046,ADT_C5AR1,R2,5PNNNNNNNNNN(BC),GCCGCATGAGAAACA,Antibody Capture
C1052,ADT_GGT1,R2,5PNNNNNNNNNN(BC),CTGATGAGATGTCAG,Antibody Capture
A0251,Hashtag_STOC-86-008,R2,5PNNNNNNNNNN(BC),GTCAACTCTTTAGCG,Antibody Capture
A0252,Hashtag_STOC-86-009,R2,5PNNNNNNNNNN(BC),TGATGGCCTATTGGG,Antibody Capture
A0123,ADT_CD326,R2,5PNNNNNNNNNN(BC),TTCCGAGCAAGTATC,Antibody Capture
A0128,ADT_CD140a,R2,5PNNNNNNNNNN(BC),ATGCGCCGAGAATTA,Antibody Capture
C0814,ADT_CD205,R2,5PNNNNNNNNNN(BC),CTATCGTTTGATGCA,Antibody Capture